"CONTACT",AAMkADY0MTRiMDMyLWYyY2QtNGNmYi05MTZmLWE0MWQ5OTVkMTY3NwBGAAAAAACePVwnVQLQQo3igsKUUNIPBwDDb9In4fFjSKy7cc0yk1OaAAAAAAEOAADDb9In4fFjSKy7cc0yk1OaAAAAAVD4AAA=,2021-02-03T00:10:10Z,2021-02-03T00:10:10Z,EQAAABYAAADDb9In4fFjSKy7cc0yk1OaAAAAACWB,[],AAMkADY0MTRiMDMyLWYyY2QtNGNmYi05MTZmLWE0MWQ5OTVkMTY3NwAuAAAAAACePVwnVQLQQo3igsKUUNIPAQDDb9In4fFjSKy7cc0yk1OaAAAAAAEOAAA=,,,Pradeep Gupta,,,,,,,,,,,['sip:PradeepG@M365x723843.OnMicrosoft.com'],,,,,,,,,[],,[],,,[],"[{'name': 'Pradeep Gupta', 'address': 'PradeepG@M365x723843.OnMicrosoft.com'}]",{},{},{},#microsoft.graph.contact,6618944e-1fe9-4c03-955e-b1ebbf5737c9,027d8585-9664-42ed-ae2a-c9e9fddfda22,,0,0,0,"{'errorInformation': None, 'userReturnedNoData': False, 'isUserSummaryRow': False, 'userHasCompleteData': False}"
"CONTACT",AAMkADY0MTRiMDMyLWYyY2QtNGNmYi05MTZmLWE0MWQ5OTVkMTY3NwBGAAAAAACePVwnVQLQQo3igsKUUNIPBwDDb9In4fFjSKy7cc0yk1OaAAAAAAEOAADDb9In4fFjSKy7cc0yk1OaAAAAAVD3AAA=,2021-02-03T00:10:10Z,2021-02-03T00:10:10Z,EQAAABYAAADDb9In4fFjSKy7cc0yk1OaAAAAACV3,[],AAMkADY0MTRiMDMyLWYyY2QtNGNmYi05MTZmLWE0MWQ5OTVkMTY3NwAuAAAAAACePVwnVQLQQo3igsKUUNIPAQDDb9In4fFjSKy7cc0yk1OaAAAAAAEOAAA=,,,Joni Sherman,,,,,,,,,,,['sip:JoniS@M365x723843.OnMicrosoft.com'],,,,,,,,,[],,[],,,[],"[{'name': 'Joni Sherman', 'address': 'JoniS@M365x723843.OnMicrosoft.com'}]",{},{},{},#microsoft.graph.contact,6618944e-1fe9-4c03-955e-b1ebbf5737c9,027d8585-9664-42ed-ae2a-c9e9fddfda22,,1,1,1,"{'errorInformation': None, 'userReturnedNoData': False, 'isUserSummaryRow': False, 'userHasCompleteData': False}"
"CONTACT",AAMkADY0MTRiMDMyLWYyY2QtNGNmYi05MTZmLWE0MWQ5OTVkMTY3NwBGAAAAAACePVwnVQLQQo3igsKUUNIPBwDDb9In4fFjSKy7cc0yk1OaAAAAAAEOAADDb9In4fFjSKy7cc0yk1OaAAAAAVD2AAA=,2021-02-03T00:10:09Z,2021-02-03T00:10:09Z,EQAAABYAAADDb9In4fFjSKy7cc0yk1OaAAAAACVv,[],AAMkADY0MTRiMDMyLWYyY2QtNGNmYi05MTZmLWE0MWQ5OTVkMTY3NwAuAAAAAACePVwnVQLQQo3igsKUUNIPAQDDb9In4fFjSKy7cc0yk1OaAAAAAAEOAAA=,,,Executives,,,,,,,,,,,[],,,,,,,,,[],,[],,,[],"[{'name': 'Executives', 'address': 'Executives@CohoLLC5.onmicrosoft.com'}]",{},{},{},#microsoft.graph.contact,6618944e-1fe9-4c03-955e-b1ebbf5737c9,027d8585-9664-42ed-ae2a-c9e9fddfda22,,2,2,2,"{'errorInformation': None, 'userReturnedNoData': False, 'isUserSummaryRow': False, 'userHasCompleteData': False}"
"CONTACT",AAMkADY0MTRiMDMyLWYyY2QtNGNmYi05MTZmLWE0MWQ5OTVkMTY3NwBGAAAAAACePVwnVQLQQo3igsKUUNIPBwDDb9In4fFjSKy7cc0yk1OaAAAAAAEOAADDb9In4fFjSKy7cc0yk1OaAAAAAVD1AAA=,2021-02-03T00:10:09Z,2021-02-03T00:10:09Z,EQAAABYAAADDb9In4fFjSKy7cc0yk1OaAAAAACVo,[],AAMkADY0MTRiMDMyLWYyY2QtNGNmYi05MTZmLWE0MWQ5OTVkMTY3NwAuAAAAAACePVwnVQLQQo3igsKUUNIPAQDDb9In4fFjSKy7cc0yk1OaAAAAAAEOAAA=,,,Nestor Wilke,,,,,,,,,,,['sip:NestorW@M365x723843.OnMicrosoft.com'],,,,,,,,,[],,[],,,[],"[{'name': 'Nestor Wilke', 'address': 'NestorW@M365x723843.OnMicrosoft.com'}]",{},{},{},#microsoft.graph.contact,6618944e-1fe9-4c03-955e-b1ebbf5737c9,027d8585-9664-42ed-ae2a-c9e9fddfda22,,3,3,3,"{'errorInformation': None, 'userReturnedNoData': False, 'isUserSummaryRow': False, 'userHasCompleteData': False}"
"CONTACT",AAMkADY0MTRiMDMyLWYyY2QtNGNmYi05MTZmLWE0MWQ5OTVkMTY3NwBGAAAAAACePVwnVQLQQo3igsKUUNIPBwDDb9In4fFjSKy7cc0yk1OaAAAAAAEOAADDb9In4fFjSKy7cc0yk1OaAAAAAVD0AAA=,2021-02-03T00:10:09Z,2021-02-03T00:10:09Z,EQAAABYAAADDb9In4fFjSKy7cc0yk1OaAAAAACVd,[],AAMkADY0MTRiMDMyLWYyY2QtNGNmYi05MTZmLWE0MWQ5OTVkMTY3NwAuAAAAAACePVwnVQLQQo3igsKUUNIPAQDDb9In4fFjSKy7cc0yk1OaAAAAAAEOAAA=,,,Isaiah Langer,,,,,,,,,,,['sip:IsaiahL@M365x723843.OnMicrosoft.com'],,,,,,,,,[],,[],,,[],"[{'name': 'Isaiah Langer', 'address': 'IsaiahL@M365x723843.OnMicrosoft.com'}]",{},{},{},#microsoft.graph.contact,6618944e-1fe9-4c03-955e-b1ebbf5737c9,027d8585-9664-42ed-ae2a-c9e9fddfda22,,4,4,4,"{'errorInformation': None, 'userReturnedNoData': False, 'isUserSummaryRow': False, 'userHasCompleteData': False}"
"CONTACT",AAMkADY0MTRiMDMyLWYyY2QtNGNmYi05MTZmLWE0MWQ5OTVkMTY3NwBGAAAAAACePVwnVQLQQo3igsKUUNIPBwDDb9In4fFjSKy7cc0yk1OaAAAAAAEOAADDb9In4fFjSKy7cc0yk1OaAAAAAVDzAAA=,2021-02-03T00:10:08Z,2021-02-03T00:10:08Z,EQAAABYAAADDb9In4fFjSKy7cc0yk1OaAAAAACVX,[],AAMkADY0MTRiMDMyLWYyY2QtNGNmYi05MTZmLWE0MWQ5OTVkMTY3NwAuAAAAAACePVwnVQLQQo3igsKUUNIPAQDDb9In4fFjSKy7cc0yk1OaAAAAAAEOAAA=,,,Adele Vance,,,,,,,,,,,['sip:AdeleV@M365x723843.OnMicrosoft.com'],,,,,,,,,[],,[],,,[],"[{'name': 'Adele Vance', 'address': 'AdeleV@M365x723843.OnMicrosoft.com'}]",{},{},{},#microsoft.graph.contact,6618944e-1fe9-4c03-955e-b1ebbf5737c9,027d8585-9664-42ed-ae2a-c9e9fddfda22,,5,5,5,"{'errorInformation': None, 'userReturnedNoData': False, 'isUserSummaryRow': False, 'userHasCompleteData': False}"
"CONTACT",AAMkADY0MTRiMDMyLWYyY2QtNGNmYi05MTZmLWE0MWQ5OTVkMTY3NwBGAAAAAACePVwnVQLQQo3igsKUUNIPBwDDb9In4fFjSKy7cc0yk1OaAAAAAAEOAADDb9In4fFjSKy7cc0yk1OaAAAAAVDyAAA=,2021-02-03T00:10:08Z,2021-02-03T00:10:08Z,EQAAABYAAADDb9In4fFjSKy7cc0yk1OaAAAAACVR,[],AAMkADY0MTRiMDMyLWYyY2QtNGNmYi05MTZmLWE0MWQ5OTVkMTY3NwAuAAAAAACePVwnVQLQQo3igsKUUNIPAQDDb9In4fFjSKy7cc0yk1OaAAAAAAEOAAA=,,,Megan Bowen,,,,,,,,,,,['sip:MeganB@M365x723843.OnMicrosoft.com'],,,,,,,,,[],,[],,,[],"[{'name': 'Megan Bowen', 'address': 'MeganB@M365x723843.OnMicrosoft.com'}]",{},{},{},#microsoft.graph.contact,6618944e-1fe9-4c03-955e-b1ebbf5737c9,027d8585-9664-42ed-ae2a-c9e9fddfda22,,6,6,6,"{'errorInformation': None, 'userReturnedNoData': False, 'isUserSummaryRow': False, 'userHasCompleteData': False}"
"CONTACT",AAMkADY0MTRiMDMyLWYyY2QtNGNmYi05MTZmLWE0MWQ5OTVkMTY3NwBGAAAAAACePVwnVQLQQo3igsKUUNIPBwDDb9In4fFjSKy7cc0yk1OaAAAAAAEOAADDb9In4fFjSKy7cc0yk1OaAAAAAVDxAAA=,2021-02-03T00:10:07Z,2021-02-03T00:10:08Z,EQAAABYAAADDb9In4fFjSKy7cc0yk1OaAAAAACVH,[],AAMkADY0MTRiMDMyLWYyY2QtNGNmYi05MTZmLWE0MWQ5OTVkMTY3NwAuAAAAAACePVwnVQLQQo3igsKUUNIPAQDDb9In4fFjSKy7cc0yk1OaAAAAAAEOAAA=,,,Legal Team,,,,,,,,,,,[],,,,,,,,,[],,[],,,[],"[{'name': 'Legal Team', 'address': 'Legal@CohoLLC5.onmicrosoft.com'}]",{},{},{},#microsoft.graph.contact,6618944e-1fe9-4c03-955e-b1ebbf5737c9,027d8585-9664-42ed-ae2a-c9e9fddfda22,,7,7,7,"{'errorInformation': None, 'userReturnedNoData': False, 'isUserSummaryRow': False, 'userHasCompleteData': False}"
"CONTACT",AAMkADY0MTRiMDMyLWYyY2QtNGNmYi05MTZmLWE0MWQ5OTVkMTY3NwBGAAAAAACePVwnVQLQQo3igsKUUNIPBwDDb9In4fFjSKy7cc0yk1OaAAAAAAEOAADDb9In4fFjSKy7cc0yk1OaAAAAAVDwAAA=,2021-02-03T00:10:07Z,2021-02-03T00:10:07Z,EQAAABYAAADDb9In4fFjSKy7cc0yk1OaAAAAACVB,[],AAMkADY0MTRiMDMyLWYyY2QtNGNmYi05MTZmLWE0MWQ5OTVkMTY3NwAuAAAAAACePVwnVQLQQo3igsKUUNIPAQDDb9In4fFjSKy7cc0yk1OaAAAAAAEOAAA=,,,Lynne Robbins,,,,,,,,,,,['sip:LynneR@M365x723843.OnMicrosoft.com'],,,,,,,,,[],,[],,,[],"[{'name': 'Lynne Robbins', 'address': 'LynneR@M365x723843.OnMicrosoft.com'}]",{},{},{},#microsoft.graph.contact,6618944e-1fe9-4c03-955e-b1ebbf5737c9,027d8585-9664-42ed-ae2a-c9e9fddfda22,,8,8,8,"{'errorInformation': None, 'userReturnedNoData': False, 'isUserSummaryRow': False, 'userHasCompleteData': False}"
"CONTACT",AAMkADY0MTRiMDMyLWYyY2QtNGNmYi05MTZmLWE0MWQ5OTVkMTY3NwBGAAAAAACePVwnVQLQQo3igsKUUNIPBwDDb9In4fFjSKy7cc0yk1OaAAAAAAEOAADDb9In4fFjSKy7cc0yk1OaAAAAAVDvAAA=,2021-02-03T00:10:07Z,2021-02-03T00:10:07Z,EQAAABYAAADDb9In4fFjSKy7cc0yk1OaAAAAACU6,[],AAMkADY0MTRiMDMyLWYyY2QtNGNmYi05MTZmLWE0MWQ5OTVkMTY3NwAuAAAAAACePVwnVQLQQo3igsKUUNIPAQDDb9In4fFjSKy7cc0yk1OaAAAAAAEOAAA=,,,Lidia Holloway,,,,,,,,,,,['sip:LidiaH@M365x723843.OnMicrosoft.com'],,,,,,,,,[],,[],,,[],"[{'name': 'Lidia Holloway', 'address': 'LidiaH@M365x723843.OnMicrosoft.com'}]",{},{},{},#microsoft.graph.contact,6618944e-1fe9-4c03-955e-b1ebbf5737c9,027d8585-9664-42ed-ae2a-c9e9fddfda22,,9,9,9,"{'errorInformation': None, 'userReturnedNoData': False, 'isUserSummaryRow': False, 'userHasCompleteData': False}"
